"Fecha","Último","Apertura","Máximo","Mínimo","Vol.","% var."
"01.10.2023","8.979,59","9.450,38","9.496,16","8.878,74","178,44M","-4,76%"
"01.09.2023","9.428,00","9.513,90","9.672,20","9.238,50","2,58B","-0,82%"
"01.08.2023","9.505,90","9.639,90","9.657,20","9.192,70","2,33B","-1,41%"
"01.07.2023","9.641,50","9.604,30","9.741,90","9.169,80","2,60B","0,51%"
"01.06.2023","9.593,00","9.130,30","9.642,30","9.105,90","2,76B","6,00%"
"01.05.2023","9.050,20","9.248,20","9.326,60","8.967,30","2,76B","-2,06%"
"01.04.2023","9.241,00","9.214,60","9.540,50","9.135,50","2,63B","0,09%"
"01.03.2023","9.232,50","9.420,90","9.528,30","8.501,20","5,33B","-1,73%"
"01.02.2023","9.394,60","9.047,30","9.442,80","9.046,20","3,65B","3,99%"
"01.01.2023","9.034,00","8.297,90","9.082,80","8.283,70","3,96B","9,78%"
"01.12.2022","8.229,10","8.426,20","8.469,00","8.059,50","3,16B","-1,60%"
"01.11.2022","8.363,20","8.017,80","8.426,03","7.798,12","3,13B","5,11%"
"01.10.2022","7.956,50","7.327,50","7.958,10","7.189,60","3,43B","8,00%"
"01.09.2022","7.366,80","7.838,80","8.235,80","7.242,20","3,93B","-6,59%"
"01.08.2022","7.886,10","8.161,90","8.540,00","7.866,60","2,89B","-3,31%"
"01.07.2022","8.156,20","8.043,00","8.240,40","7.764,90","3,98B","0,71%"
"01.06.2022","8.098,70","8.881,30","8.909,30","7.994,20","3,87B","-8,50%"
"01.05.2022","8.851,50","8.516,60","8.992,70","8.134,50","4,21B","3,11%"
"01.04.2022","8.584,20","8.481,70","8.877,70","8.344,90","3,82B","1,65%"
"01.03.2022","8.445,10","8.462,10","8.621,00","7.287,70","6,31B","-0,40%"
"01.02.2022","8.479,20","8.679,90","8.912,20","8.048,00","5,22B","-1,55%"
"01.01.2022","8.612,80","8.729,70","8.866,60","8.361,40","3,89B","-1,16%"
"01.12.2021","8.713,80","8.357,10","8.728,00","8.082,40","3,34B","4,92%"
"01.11.2021","8.305,10","9.064,60","9.198,10","8.260,70","4,21B","-8,31%"
"01.10.2021","9.057,70","8.693,40","9.057,70","8.654,80","3,50B","2,97%"
"01.09.2021","8.796,30","8.923,70","9.055,50","8.551,20","3,92B","-0,57%"
"01.08.2021","8.846,60","8.723,30","9.015,70","8.723,30","2,49B","1,97%"
"01.07.2021","8.675,70","8.862,30","8.968,10","8.252,20","3,23B","-1,65%"
"01.06.2021","8.821,20","9.167,30","9.310,80","8.765,30","3,47B","-3,58%"
"01.05.2021","9.148,90","8.821,60","9.254,70","8.796,30","3,82B","3,79%"
"01.04.2021","8.815,00","8.595,60","8.869,90","8.426,20","3,44B","2,74%"
"01.03.2021","8.580,00","8.324,60","8.740,10","8.239,70","4,96B","4,32%"
"01.02.2021","8.225,00","7.823,00","8.387,00","7.779,80","4,22B","6,03%"
"01.01.2021","7.757,50","8.191,80","8.439,70","7.713,50","4,07B","-3,92%"
"01.12.2020","8.073,70","8.112,70","8.322,90","7.663,50","4,87B","-0,04%"
"01.11.2020","8.076,90","6.481,40","8.199,90","6.396,30","7,63B","25,18%"
"01.10.2020","6.452,20","6.789,10","7.024,60","6.329,50","4,96B","-3,94%"
"01.09.2020","6.716,60","7.038,50","7.159,60","6.552,30","6,28B","-3,63%"
"01.08.2020","6.969,50","6.867,40","7.321,90","6.788,90","3,89B","1,34%"
"01.07.2020","6.877,40","7.245,60","7.654,80","6.877,40","4,96B","-4,90%"
"01.06.2020","7.231,40","7.228,70","7.992,70","7.062,90","8,10B","1,90%"
"01.05.2020","7.096,50","6.767,70","7.244,50","6.421,40","5,96B","2,52%"
"01.04.2020","6.922,30","6.627,30","7.209,70","6.424,50","4,46B","2,02%"
"01.03.2020","6.785,40","8.910,20","9.014,30","5.814,50","8,46B","-22,21%"
"01.02.2020","8.723,20","9.404,40","10.100,20","8.582,70","4,26B","-6,88%"
"01.01.2020","9.367,90","9.639,10","9.709,90","9.357,80","3,32B","-1,90%"
"01.12.2019","9.549,20","9.367,20","9.700,50","9.110,10","3,05B","2,11%"
"01.11.2019","9.352,00","9.293,10","9.482,50","9.132,80","3,44B","1,02%"
"01.10.2019","9.257,50","9.277,00","9.494,50","8.850,60","3,73B","0,14%"
"01.09.2019","9.244,60","8.810,80","9.257,30","8.772,80","3,96B","4,90%"
"01.08.2019","8.812,90","8.947,60","9.038,20","8.409,10","3,59B","-1,76%"
"01.07.2019","8.971,00","9.290,30","9.453,20","8.946,40","3,56B","-2,48%"
"01.06.2019","9.198,80","8.945,70","9.332,50","8.903,10","3,25B","2,16%"
"01.05.2019","9.004,20","9.545,50","9.559,70","8.959,50","3,35B","-5,92%"
"01.04.2019","9.570,60","9.304,80","9.588,20","9.269,70","3,28B","3,57%"
"01.03.2019","9.240,30","9.313,50","9.532,90","9.106,80","3,73B","-0,40%"
"01.02.2019","9.277,70","9.058,60","9.293,10","8.826,50","3,34B","2,44%"
"01.01.2019","9.056,70","8.448,30","9.225,40","8.354,80","3,33B","6,05%"
"01.12.2018","8.539,90","9.239,80","9.262,10","8.286,20","3,50B","-5,92%"
"01.11.2018","9.077,20","8.882,50","9.232,30","8.829,60","3,56B","2,07%"
"01.10.2018","8.893,50","9.384,30","9.475,20","8.627,60","4,73B","-5,28%"
"01.09.2018","9.389,20","9.387,70","9.665,40","9.111,10","3,39B","-0,11%"
"01.08.2018","9.399,10","9.871,10","9.902,30","9.339,50","3,05B","-4,78%"
"01.07.2018","9.870,70","9.526,30","9.971,60","9.443,50","3,42B","2,58%"
"01.06.2018","9.622,70","9.544,70","9.985,90","9.506,60","3,91B","1,66%"
"01.05.2018","9.465,50","9.982,60","10.291,40","9.400,30","4,00B","-5,16%"
"01.04.2018","9.980,60","9.532,10","9.995,40","9.417,30","2,67B","3,96%"
"01.03.2018","9.600,40","9.795,30","9.811,40","9.327,60","3,39B","-2,44%"
"01.02.2018","9.840,30","10.518,30","10.543,70","9.581,10","3,80B","-5,85%"
"01.01.2018","10.451,50","10.089,60","10.643,40","10.017,00","3,47B","4,06%"
"01.12.2017","10.043,90","10.225,50","10.380,30","10.028,70","2,85B","-1,64%"
"01.11.2017","10.211,00","10.591,40","10.594,20","9.889,40","3,48B","-2,97%"
"01.10.2017","10.523,50","10.262,30","10.570,50","9.922,30","4,74B","1,37%"
"01.09.2017","10.381,50","10.328,80","10.410,20","10.087,60","3,23B","0,80%"
"01.08.2017","10.299,50","10.613,40","10.758,20","10.134,30","2,68B","-1,93%"
"01.07.2017","10.502,20","10.507,60","10.704,30","10.368,10","3,88B","0,55%"
"01.06.2017","10.444,50","10.891,60","11.048,00","10.433,20","5,11B","-4,00%"
"01.05.2017","10.880,00","10.737,70","11.184,40","10.564,30","6,29B","1,53%"
"01.04.2017","10.715,80","10.457,70","10.828,80","10.216,90","5,25B","2,42%"
"01.03.2017","10.462,90","9.618,00","10.462,90","9.616,60","6,28B","9,50%"
"01.02.2017","9.555,50","9.416,00","9.614,60","9.236,60","5,16B","2,58%"
"01.01.2017","9.315,20","9.332,60","9.623,50","9.279,00","5,17B","-0,39%"
"01.12.2016","9.352,10","8.671,60","9.452,90","8.512,40","6,00B","7,64%"
"01.11.2016","8.688,20","9.206,50","9.214,10","8.558,50","6,34B","-4,98%"
"01.10.2016","9.143,30","8.759,00","9.255,30","8.551,20","5,39B","4,14%"
"01.09.2016","8.779,40","8.746,30","9.135,80","8.543,10","5,47B","0,72%"
"01.08.2016","8.716,80","8.667,50","8.780,70","8.229,40","4,05B","1,51%"
"01.07.2016","8.587,20","8.240,10","8.720,20","7.857,80","5,78B","5,19%"
"01.06.2016","8.163,30","9.028,30","9.056,60","7.579,80","8,26B","-9,64%"
"01.05.2016","9.034,00","9.066,90","9.155,50","8.563,90","5,11B","0,09%"
"01.04.2016","9.025,70","8.624,60","9.360,20","8.256,10","6,33B","3,47%"
"01.03.2016","8.723,10","8.454,60","9.217,30","8.423,60","6,53B","3,09%"
"01.02.2016","8.461,40","8.849,30","8.896,50","7.746,30","7,25B","-4,02%"
"01.01.2016","8.815,80","9.429,80","9.446,20","8.206,00","6,52B","-7,63%"
"01.12.2015","9.544,20","10.409,90","10.476,60","9.351,80","5,34B","-8,11%"
"01.11.2015","10.386,90","10.279,30","10.631,60","10.005,20","5,32B","0,25%"
"01.10.2015","10.360,70","9.668,90","10.591,90","9.428,80","5,92B","8,38%"
"01.09.2015","9.559,90","10.136,10","10.193,00","9.231,30","6,59B","-6,81%"
"01.08.2015","10.259,00","11.180,60","11.330,00","9.502,40","5,88B","-8,24%"
"01.07.2015","11.180,70","10.857,70","11.612,60","10.316,40","6,29B","3,82%"
"01.06.2015","10.769,50","11.264,80","11.497,10","10.654,30","5,88B","-3,99%"
"01.05.2015","11.217,60","11.377,10","11.609,90","10.928,20","4,93B","-1,47%"
"01.04.2015","11.385,00","11.482,00","11.884,60","11.258,00","6,19B","-1,18%"
"01.03.2015","11.521,10","11.190,50","11.618,30","10.858,40","6,72B","3,07%"
"01.02.2015","11.178,30","10.396,60","11.184,50","10.136,40","6,40B","7,45%"
"01.01.2015","10.403,30","10.386,70","10.716,90","9.610,10","8,14B","1,20%"
"01.12.2014","10.279,50","10.700,60","10.928,30","9.661,00","5,89B","-4,56%"
"01.11.2014","10.770,70","10.454,30","10.792,30","10.017,50","6,36B","2,80%"
"01.10.2014","10.477,80","10.793,90","10.889,30","9.370,50","7,96B","-3,21%"
"01.09.2014","10.825,50","10.749,20","11.191,80","10.625,50","5,17B","0,90%"
"01.08.2014","10.728,80","10.682,80","10.883,80","9.946,90","4,22B","0,20%"
"01.07.2014","10.707,20","10.954,50","11.100,20","10.423,60","5,48B","-1,98%"
"01.06.2014","10.923,50","10.819,00","11.249,40","10.667,20","4,95B","1,16%"
"01.05.2014","10.798,70","10.453,60","10.803,40","10.282,40","5,15B","3,25%"
"01.04.2014","10.459,00","10.368,10","10.705,10","9.984,30","5,38B","1,15%"
"01.03.2014","10.340,50","9.951,60","10.420,60","9.703,10","6,25B","2,24%"
"01.02.2014","10.114,20","9.911,50","10.269,00","9.654,80","5,70B","1,96%"
"01.01.2014","9.920,20","9.923,60","10.552,70","9.716,50","7,34B","0,04%"
"01.12.2013","9.916,70","9.838,20","9.949,80","9.232,10","3,99B","0,80%"
"01.11.2013","9.837,60","9.906,60","10.025,90","9.467,00","4,24B","-0,71%"
"01.10.2013","9.907,90","9.177,60","10.063,90","9.173,40","5,26B","7,86%"
"01.09.2013","9.186,10","8.370,20","9.299,10","8.331,10","4,47B","10,80%"
"01.08.2013","8.290,50","8.466,30","8.828,10","8.275,90","3,58B","-1,69%"
"01.07.2013","8.433,40","7.817,00","8.480,10","7.612,80","4,66B","8,64%"
"01.06.2013","7.762,70","8.266,60","8.430,00","7.508,40","5,43B","-6,71%"
"01.05.2013","8.320,60","8.393,90","8.669,20","8.216,50","5,29B","-1,17%"
"01.04.2013","8.419,00","7.917,60","8.524,20","7.716,10","5,67B","6,30%"
"01.03.2013","7.920,00","8.220,50","8.670,40","7.797,20","5,65B","-3,77%"
"01.02.2013","8.230,30","8.233,40","8.400,10","7.895,50","5,81B","-1,58%"
"01.01.2013","8.362,30","8.337,90","8.755,90","8.286,70","5,73B","2,39%"
"01.12.2012","8.167,50","7.963,40","8.345,40","7.670,80","4,85B","2,94%"
"01.11.2012","7.934,60","7.807,10","7.995,90","7.490,60","3,65B","1,17%"
"01.10.2012","7.842,90","7.712,80","8.156,60","7.565,50","3,58B","1,74%"
"01.09.2012","7.708,50","7.398,50","8.231,00","7.351,20","3,90B","3,88%"
"01.08.2012","7.420,50","6.715,20","7.645,00","6.296,10","4,07B","10,13%"
"01.07.2012","6.738,10","7.082,40","7.219,50","5.905,30","5,65B","-5,13%"
"01.06.2012","7.102,20","6.109,70","7.102,20","5.987,80","5,69B","16,62%"
"01.05.2012","6.089,80","7.100,90","7.175,70","6.012,00","5,98B","-13,14%"
"01.04.2012","7.011,00","8.024,70","8.072,60","6.811,20","5,62B","-12,45%"
"01.03.2012","8.008,00","8.442,00","8.625,50","7.866,40","5,36B","-5,41%"
"01.02.2012","8.465,90","8.558,60","8.967,40","8.429,10","4,21B","-0,51%"
"01.01.2012","8.509,20","8.558,00","8.746,60","8.233,80","4,61B","-0,67%"
"01.12.2011","8.566,30","8.441,00","8.844,20","8.120,90","3,63B","1,38%"
"01.11.2011","8.449,50","8.775,40","8.800,90","7.601,20","4,51B","-5,64%"
"01.10.2011","8.954,90","8.346,60","9.351,00","8.065,10","4,46B","4,78%"
"01.09.2011","8.546,60","8.748,00","8.801,70","7.505,30","5,12B","-1,97%"
"01.08.2011","8.718,60","9.713,00","9.752,30","7.767,30","6,30B","-9,47%"
"01.07.2011","9.630,70","10.359,40","10.536,80","9.276,10","5,60B","-7,04%"
"01.06.2011","10.359,90","10.506,00","10.549,00","9.758,50","4,61B","-1,11%"
"01.05.2011","10.476,00","10.917,40","10.928,20","10.030,60","4,36B","-3,70%"
"01.04.2011","10.878,90","10.657,20","10.958,20","10.289,10","4,15B","2,86%"
"01.03.2011","10.576,50","10.898,80","10.939,70","10.076,50","6,27B","-2,53%"
"01.02.2011","10.850,80","10.886,20","11.165,00","10.543,30","4,88B","0,41%"
"01.01.2011","10.806,00","9.899,40","10.961,10","9.387,90","6,05B","9,60%"
"01.12.2010","9.859,10","9.344,20","10.253,90","9.331,40","4,49B","6,39%"
"01.11.2010","9.267,20","10.901,80","10.903,40","9.203,40","6,03B","-14,29%"
"01.10.2010","10.812,90","10.520,10","11.021,60","10.310,20","4,11B","2,84%"
"01.09.2010","10.514,50","10.232,70","10.902,50","10.170,10","3,97B","3,21%"
"01.08.2010","10.187,00","10.535,40","10.953,10","9.773,80","3,34B","-2,98%"
"01.07.2010","10.499,80","9.041,70","10.788,00","8.977,70","4,78B","13,35%"
"01.06.2010","9.263,40","9.282,20","10.209,50","8.563,60","5,69B","-1,03%"
"01.05.2010","9.359,40","10.426,20","10.452,20","8.812,10","7,35B","-10,80%"
"01.04.2010","10.492,20","10.950,40","11.566,10","10.077,90","4,81B","-3,49%"
"01.03.2010","10.871,30","10.434,70","11.190,00","10.287,60","4,18B","5,20%"
"01.02.2010","10.333,60","10.852,40","11.201,60","9.916,60","5,00B","-5,61%"
"01.01.2010","10.947,70","11.986,50","12.240,50","10.821,20","4,32B","-8,31%"
"01.12.2009","11.940,00","11.746,20","12.070,90","11.468,70","3,42B","2,54%"
"01.11.2009","11.644,70","11.354,00","12.102,60","11.179,90","3,71B","2,01%"
"01.10.2009","11.414,80","11.766,60","11.960,40","11.268,50","4,88B","-2,90%"
"01.09.2009","11.756,10","11.434,00","11.938,20","10.874,40","4,16B","3,44%"
"01.08.2009","11.365,10","10.809,90","11.522,80","10.511,90","3,31B","4,70%"
"01.07.2009","10.855,10","9.798,10","10.932,90","9.241,20","4,71B","10,90%"
"01.06.2009","9.787,80","9.554,80","9.890,60","9.200,70","5,05B","3,86%"
"01.05.2009","9.424,30","9.048,10","9.555,60","8.828,50","4,98B","4,27%"
"01.04.2009","9.038,00","7.761,30","9.100,80","7.637,20","5,94B","15,65%"
"01.03.2009","7.815,00","7.428,60","8.121,70","6.702,60","6,33B","2,55%"
"01.02.2009","7.620,90","8.275,40","8.653,80","7.385,00","4,92B","-9,82%"
"01.01.2009","8.450,40","9.262,00","9.800,00","7.981,70","5,08B","-8,11%"
"01.12.2008","9.195,80","8.914,00","9.332,90","8.293,20","4,28B","3,20%"
"01.11.2008","8.910,60","9.185,80","9.883,80","7.830,90","5,65B","-2,25%"
"01.10.2008","9.116,00","11.064,30","11.441,50","7.737,20","8,63B","-17,03%"
"01.09.2008","10.987,50","11.607,50","11.936,30","10.571,10","6,71B","-6,15%"
"01.08.2008","11.707,30","11.719,00","12.078,70","11.185,50","3,61B","-1,46%"
"01.07.2008","11.881,30","12.028,50","12.035,20","10.932,40","6,38B","-1,37%"
"01.06.2008","12.046,20","13.610,50","13.612,10","11.874,50","5,59B","-11,43%"
"01.05.2008","13.600,90","13.916,20","14.301,30","13.397,90","4,09B","-1,43%"
"01.04.2008","13.798,30","13.205,60","14.019,60","13.106,80","4,95B","3,99%"
"01.03.2008","13.269,00","12.998,00","13.596,40","12.571,40","5,64B","0,75%"
"01.02.2008","13.170,40","13.440,70","13.652,10","12.721,40","6,14B","-0,44%"
"01.01.2008","13.229,00","15.101,90","15.186,00","11.937,20","7,94B","-12,87%"
"01.12.2007","15.182,30","15.767,10","15.983,40","15.107,40","3,66B","-3,67%"
"01.11.2007","15.759,90","15.864,10","16.040,40","15.165,10","5,75B","-0,82%"
"01.10.2007","15.890,50","14.519,00","15.897,30","14.443,90","5,69B","9,01%"
"01.09.2007","14.576,50","14.517,70","14.704,50","13.519,10","4,57B","0,67%"
"01.08.2007","14.479,80","14.508,90","15.028,70","13.841,60","4,55B","-2,18%"
"01.07.2007","14.802,40","14.790,80","15.297,20","14.378,70","4,29B","-0,60%"
"01.06.2007","14.892,00","15.330,40","15.543,80","14.582,40","5,32B","-2,85%"
"01.05.2007","15.329,40","14.421,80","15.340,50","14.176,00","4,48B","6,64%"
"01.04.2007","14.374,60","14.619,90","15.136,20","14.342,00","4,15B","-1,82%"
"01.03.2007","14.641,70","14.228,60","14.730,40","13.602,40","5,54B","2,76%"
"01.02.2007","14.248,40","14.637,50","14.963,60","14.070,90","4,02B","-2,09%"
"01.01.2007","14.553,20","14.173,20","14.605,60","14.065,70","4,33B","2,87%"
"01.12.2006","14.146,50","13.910,50","14.420,80","13.551,10","3,07B","2,15%"
"01.11.2006","13.849,30","13.769,20","14.338,00","13.652,00","4,30B","0,70%"
"01.10.2006","13.753,00","12.937,20","13.773,50","12.819,60","4,13B","6,33%"
"01.09.2006","12.934,70","12.152,20","13.001,60","11.969,20","3,49B","6,50%"
"01.08.2006","12.144,70","11.806,90","12.200,00","11.698,50","2,34B","2,76%"
"01.07.2006","11.818,00","11.527,90","11.892,30","11.116,00","2,80B","2,34%"
"01.06.2006","11.548,10","11.327,70","11.585,30","10.744,20","3,70B","1,83%"
"01.05.2006","11.340,50","11.843,30","12.106,00","10.918,30","4,01B","-4,64%"
"01.04.2006","11.892,50","11.923,50","11.975,50","11.552,10","2,67B","0,32%"
"01.03.2006","11.854,30","11.764,60","11.970,00","11.566,80","3,76B","0,97%"
"01.02.2006","11.740,70","11.030,50","11.840,10","11.030,10","3,60B","5,73%"
"01.01.2006","11.104,30","10.725,80","11.112,10","10.611,10","3,68B","3,45%"
"01.12.2005","10.733,90","10.580,00","10.811,90","10.423,90","2,71B","1,67%"
"01.11.2005","10.557,80","10.469,40","10.716,80","10.336,10","3,57B","0,61%"
"01.10.2005","10.493,80","10.835,80","10.919,20","10.256,00","3,89B","-2,96%"
"01.09.2005","10.813,90","10.049,90","10.851,40","10.048,40","3,72B","8,04%"
"01.08.2005","10.008,90","10.122,60","10.253,70","9.823,80","2,82B","-1,05%"
"01.07.2005","10.115,60","9.731,00","10.162,40","9.399,30","3,32B","3,40%"
"01.06.2005","9.783,20","9.455,40","9.815,50","9.443,00","3,04B","3,78%"
"01.05.2005","9.427,10","9.027,90","9.472,40","9.020,10","2,55B","4,73%"
"01.04.2005","9.001,60","9.254,70","9.442,20","8.938,90","3,13B","-2,78%"
"01.03.2005","9.258,80","9.372,20","9.581,80","9.158,00","2,88B","-1,41%"
"01.02.2005","9.391,00","9.218,90","9.647,70","9.193,60","3,08B","1,81%"
"01.01.2005","9.223,90","9.085,20","9.224,60","8.907,00","2,88B","1,58%"
"01.12.2004","9.080,80","8.676,50","9.118,80","8.673,30","2,38B","4,46%"
"01.11.2004","8.693,00","8.468,10","8.784,10","8.440,60","3,42B","3,26%"
"01.10.2004","8.418,30","8.037,70","8.490,10","8.037,70","3,09B","4,85%"
"01.09.2004","8.029,20","7.894,80","8.131,20","7.893,80","2,65B","2,03%"
"01.08.2004","7.869,50","7.880,00","7.930,50","7.538,70","2,02B","-0,63%"
"01.07.2004","7.919,30","8.095,80","8.141,50","7.715,10","2,60B","-1,97%"
"01.06.2004","8.078,30","7.932,40","8.203,90","7.836,10","2,42B","1,50%"
"01.05.2004","7.959,30","8.084,10","8.266,00","7.605,70","2,98B","-1,85%"
"01.04.2004","8.109,50","8.039,90","8.478,00","8.016,00","2,48B","1,14%"
"01.03.2004","8.018,10","8.277,10","8.376,00","7.659,30","3,46B","-2,80%"
"01.02.2004","8.249,40","7.937,20","8.350,90","7.869,60","2,69B","4,03%"
"01.01.2004","7.929,90","7.746,10","8.134,80","7.743,60","2,91B","2,49%"
"01.12.2003","7.737,20","7.284,60","7.818,00","7.280,90","2,34B","6,68%"
"01.11.2003","7.252,50","7.138,20","7.318,90","7.028,20","2,38B","1,73%"
"01.10.2003","7.129,50","6.722,30","7.152,80","6.701,70","2,64B","6,35%"
"01.09.2003","6.703,60","7.156,40","7.315,40","6.664,70","2,68B","-5,73%"
"01.08.2003","7.111,30","7.027,80","7.258,90","6.876,80","1,74B","0,70%"
"01.07.2003","7.061,70","6.877,50","7.067,90","6.735,30","2,80B","2,91%"
"01.06.2003","6.862,00","6.551,50","7.081,60","6.491,70","2,90B","5,43%"
"01.05.2003","6.508,50","6.471,90","6.578,10","6.177,80","2,55B","0,29%"
"01.04.2003","6.489,50","5.900,80","6.674,70","5.893,30","2,78B","10,54%"
"01.03.2003","5.870,50","6.025,70","6.258,50","5.447,70","3,05B","-2,15%"
"01.02.2003","5.999,40","5.989,40","6.186,90","5.741,90","2,36B","0,87%"
"01.01.2003","5.947,70","6.050,60","6.645,50","5.789,80","2,90B","-1,48%"
"01.12.2002","6.036,90","6.659,60","6.848,80","5.981,10","2,02B","-9,70%"
"01.11.2002","6.685,60","6.271,70","6.766,80","5.978,60","2,39B","8,90%"
"01.10.2002","6.139,40","5.477,20","6.262,00","5.266,90","3,21B","13,03%"
"01.09.2002","5.431,70","6.433,00","6.514,50","5.293,50","2,53B","-15,60%"
"01.08.2002","6.435,70","6.250,40","6.727,20","5.815,60","2,25B","2,98%"
"01.07.2002","6.249,30","6.851,40","7.165,10","5.824,20","3,37B","-9,60%"
"01.06.2002","6.913,00","7.917,50","8.016,80","6.433,60","2,45B","-13,04%"
"01.05.2002","7.949,90","8.202,20","8.229,70","7.788,10","2,24B","-2,51%"
"01.04.2002","8.154,40","8.235,80","8.470,80","7.933,10","2,18B","-1,16%"
"01.03.2002","8.249,70","8.118,40","8.481,10","8.066,00","2,07B","1,40%"
"01.02.2002","8.135,50","8.123,50","8.204,50","7.628,00","2,14B","1,06%"
"01.01.2002","8.050,40","8.330,80","8.608,50","7.737,70","2,44B","-4,13%"
"01.12.2001","8.397,60","8.253,90","8.876,00","8.099,50","1,77B","0,39%"
"01.11.2001","8.364,70","7.751,20","8.742,70","7.602,70","2,38B","7,59%"
"01.10.2001","7.774,30","7.341,00","8.176,60","6.925,90","2,61B","6,29%"
"01.09.2001","7.314,00","8.373,90","8.374,40","6.260,10","2,59B","-12,10%"
"01.08.2001","8.321,10","8.519,90","8.684,90","8.083,80","1,63B","-1,87%"
"01.07.2001","8.480,00","8.849,50","9.104,90","8.074,50","2,04B","-4,49%"
"01.06.2001","8.878,40","9.497,00","9.663,90","8.634,10","1,99B","-6,55%"
"01.05.2001","9.500,70","9.767,80","9.854,60","9.370,60","1,69B","-2,67%"
"01.04.2001","9.761,00","9.372,20","9.904,00","8.784,80","1,82B","4,86%"
"01.03.2001","9.308,30","9.509,00","9.963,00","8.531,80","2,14B","-2,55%"
"01.02.2001","9.551,40","10.069,50","10.168,30","9.231,60","1,92B","-5,58%"
"01.01.2001","10.116,00","9.134,70","10.219,50","8.946,20","2,31B","11,05%"
"01.12.2000","9.109,80","9.264,90","9.902,00","8.756,40","1,64B","-1,14%"
"01.11.2000","9.214,50","10.402,90","10.673,90","9.179,60","2,00B","-11,08%"
"01.10.2000","10.363,10","10.931,40","11.304,60","9.826,60","1,93B","-5,36%"
"01.09.2000","10.950,00","10.973,00","11.510,20","10.629,60","1,63B","0,60%"
"01.08.2000","10.884,70","10.577,40","11.364,30","10.453,00","1,56B","3,35%"
"01.07.2000","10.531,60","10.578,20","11.063,90","10.375,00","1,59B","-0,47%"
"01.06.2000","10.581,30","10.640,50","11.220,50","10.351,40","1,59B","-1,00%"
"01.05.2000","10.688,50","11.651,40","11.974,40","10.211,30","1,57B","-6,80%"
"01.04.2000","11.467,90","11.869,80","11.958,60","10.771,60","1,25B","-3,91%"
"01.03.2000","11.935,00","12.677,00","12.968,50","11.633,80","1,89B","-5,17%"
"01.02.2000","12.585,80","10.960,70","12.912,30","10.840,00","1,68B","16,16%"
"01.01.2000","10.835,10","11.846,60","11.881,80","10.770,50","1,81B","-6,93%"
"01.12.1999","11.641,40","10.915,10","11.822,50","10.901,00","1,32B","6,24%"
"01.11.1999","10.958,10","9.685,10","11.022,80","9.665,20","1,41B","12,49%"
"01.10.1999","9.741,50","9.539,90","9.835,50","9.210,80","1,12B","2,27%"
"01.09.1999","9.525,40","9.876,90","10.117,00","9.420,30","1,12B","-2,86%"
"01.08.1999","9.806,10","9.360,90","10.079,80","9.100,40","843,44M","4,41%"
"01.07.1999","9.391,90","10.314,60","10.555,60","9.234,20","1,07B","-8,09%"
"01.06.1999","10.218,60","10.029,70","10.484,40","9.981,40","878,65M","1,45%"
"01.05.1999","10.072,30","9.972,00","10.416,30","9.911,30","837,06M","0,97%"
"01.04.1999","9.975,40","9.852,20","10.239,10","9.605,30","870,61M","2,41%"
"01.03.1999","9.740,70","10.003,90","10.276,20","9.588,80","891,72M","-2,57%"
"01.02.1999","9.997,30","9.955,10","10.275,30","9.363,70","879,70M","1,20%"
"01.01.1999","9.878,80","9.973,00","10.920,10","8.905,60","1,17B","0,43%"
"01.12.1998","9.836,60","9.468,10","10.054,90","9.002,80","839,84M","1,98%"
"01.11.1998","9.645,50","8.933,40","9.981,90","8.789,10","855,04M","9,61%"
"01.10.1998","8.800,00","7.419,80","8.814,30","6.869,70","1,28B","14,64%"
"01.09.1998","7.676,50","8.068,40","8.735,30","7.090,80","1,54B","-7,12%"
"01.08.1998","8.264,70","10.402,30","10.568,90","7.870,00","1,21B","-21,24%"
"01.07.1998","10.493,70","10.213,50","10.989,80","10.180,80","914,34M","3,42%"
"01.06.1998","10.146,40","9.987,70","10.402,70","9.465,80","824,06M","1,41%"
"01.05.1998","10.005,70","10.215,90","10.527,70","9.590,80","968,51M","-0,20%"
"01.04.1998","10.025,60","10.233,30","10.949,80","9.503,30","1,35B","-1,80%"
"01.03.1998","10.209,10","8.930,44","10.407,80","8.779,33","1,24B","14,71%"
"01.02.1998","8.900,09","8.038,78","8.903,56","8.003,46","965,26M","11,82%"
"01.01.1998","7.958,99","7.320,74","8.000,45","7.235,24","996,31M","9,70%"
"01.12.1997","7.255,40","6.998,41","7.374,58","6.967,47","753,65M","4,66%"
"01.11.1997","6.932,10","6.477,42","6.953,50","6.083,77","575,96M","8,65%"
"01.10.1997","6.380,39","7.247,10","7.335,10","5.403,45","895,73M","-12,23%"
"01.09.1997","7.269,72","6.539,96","7.307,43","6.532,11","557,85M","11,29%"
"01.08.1997","6.532,33","6.813,26","6.932,49","6.500,17","399,29M","-4,09%"
"01.07.1997","6.810,89","6.855,60","7.222,31","6.640,86","662,39M","-1,07%"
"01.06.1997","6.884,56","6.210,67","6.989,80","6.180,02","832,23M","9,26%"
"01.05.1997","6.300,82","5.981,04","6.747,68","5.973,74","769,74M","6,62%"
"01.04.1997","5.909,33","5.365,33","5.909,33","5.254,53","594,14M","8,94%"
"01.03.1997","5.424,28","5.315,64","5.702,83","5.249,03","523,91M","2,24%"
"01.02.1997","5.305,43","5.296,74","5.567,49","5.263,77","546,35M","-0,41%"
"01.01.1997","5.327,42","5.059,06","5.571,50","5.011,44","778,87M","3,35%"
"01.12.1996","5.154,77","4.666,01","5.217,80","4.603,30","592,50M","10,43%"
"01.11.1996","4.667,80","4.296,16","4.667,91","4.290,02","411,92M","8,38%"
"01.10.1996","4.306,74","4.224,65","4.413,76","4.208,74","463,97M","2,16%"
"01.09.1996","4.215,57","4.023,65","4.240,40","3.898,08","329,49M","4,72%"
"01.08.1996","4.025,47","4.001,32","4.145,37","3.985,50","238,37M","1,16%"
"01.07.1996","3.979,35","4.242,04","4.306,48","3.890,58","391,04M","-6,68%"
"01.06.1996","4.264,10","4.091,91","4.291,45","4.064,61","365,86M","3,71%"
"01.05.1996","4.111,66","4.036,65","4.189,84","3.980,63","357,63M","0,70%"
"01.04.1996","4.082,90","3.852,17","4.139,84","3.830,23","415,29M","5,85%"
"01.03.1996","3.857,12","3.921,06","3.939,48","3.633,99","433,72M","-1,49%"
"01.02.1996","3.915,52","3.737,57","3.916,31","3.611,81","388,50M","4,85%"
"01.01.1996","3.734,49","3.643,56","3.768,08","3.629,04","457,25M","2,86%"
"01.12.1995","3.630,76","3.536,01","3.641,47","3.509,22","337,88M","3,44%"
"01.11.1995","3.510,12","3.311,43","3.527,90","3.242,87","338,54M","7,10%"
"01.10.1995","3.277,33","3.384,85","3.387,85","3.162,19","293,28M","-2,94%"
"01.09.1995","3.376,77","3.422,12","3.546,58","3.328,52","242,44M","-1,63%"
"01.08.1995","3.432,75","3.376,47","3.542,46","3.375,90","339,30M","1,76%"
"01.07.1995","3.373,39","3.205,32","3.395,91","3.201,05","101,74M","4,79%"
"01.06.1995","3.219,05","3.254,69","3.283,81","3.196,02","","-0,23%"
"01.05.1995","3.226,49","3.119,25","3.348,78","3.119,25","","4,35%"
"01.04.1995","3.091,86","2.912,02","3.106,95","2.911,85","","5,46%"
"01.03.1995","2.931,70","3.031,75","3.092,31","2.833,61","","-3,07%"
"01.02.1995","3.024,54","3.054,16","3.174,11","3.002,21","","-0,51%"